sha256,datasets_involved,sample_paths,labels,duplicate_count,issue,recommended_action
f37225fcea8487853146ab4f72ef7634473328169bfc50c88867847dcc60c5dc,MonkeyPox Skin Image Dataset for Computer Vision (; MSID by Dipankar Bala,MSID by Dipankar Bala\Monkeypox\monkeypox187.png; MonkeyPox Skin Image Dataset for Computer Vision (\Monkeypox\MP_148.png,Monkeypox,2,Exact duplicate across multiple datasets,Group together; ensure single split placement or deduplicate
c9f9e8eede5be4f1ecd3bd9f8a32512c9fe096f24f825d71a825355103627264,MonkeyPox Skin Image Dataset for Computer Vision (; MSID by Dipankar Bala,MSID by Dipankar Bala\Monkeypox\monkeypox214.png; MonkeyPox Skin Image Dataset for Computer Vision (\Monkeypox\MP_151.png,Monkeypox,2,Exact duplicate across multiple datasets,Group together; ensure single split placement or deduplicate
84a71578f2883744283d632eb35cf29082216b70b3ec04057c4fc796d35f1dd0,MonkeyPox Skin Image Dataset for Computer Vision (; MSID by Dipankar Bala,MSID by Dipankar Bala\Monkeypox\monkeypox218.png; MonkeyPox Skin Image Dataset for Computer Vision (\Monkeypox\MP_57.png,Monkeypox,2,Exact duplicate across multiple datasets,Group together; ensure single split placement or deduplicate
fd972cb193eee48022998f6357b1ca381abfeb6c9d8ef885b7a0f20c3eeeb5a7,MonkeyPox Skin Image Dataset for Computer Vision (; MSID by Dipankar Bala,MSID by Dipankar Bala\Monkeypox\monkeypox237.png; MonkeyPox Skin Image Dataset for Computer Vision (\Monkeypox\MP_42.png,Monkeypox,2,Exact duplicate across multiple datasets,Group together; ensure single split placement or deduplicate
333d128f12a2ff488ab7c804f5f801bb00f575eb25185bb20718336f324d68d6,Monkeypox Skin Lesion Dataset by TensorKitty; Mpox Skin Lesion Dataset Version 2.0 (MSLD v2.0) by Joydip Paul,Mpox Skin Lesion Dataset Version 2.0 (MSLD v2.0) by Joydip Paul\Original Images\Original Images\FOLDS\fold5\Valid\Monkeypox\MKP_02_01.jpg; Mpox Skin Lesion Dataset Version 2.0 (MSLD v2.0) by Joydip Paul\Original Images\Original Images\FOLDS\fold4\Train\Monkeypox\MKP_02_01.jpg; Mpox Skin Lesion Dataset Version 2.0 (MSLD v2.0) by Joydip Paul\Original Images\Original Images\FOLDS\fold3\Train\Monkeypox\MKP_02_01.jpg,Monkeypox,6,Exact duplicate across multiple datasets,Group together; ensure single split placement or deduplicate
990ece7242d093e8239cc0c33ddf56378e54a4f3d7e2584c0ba25211f2176213,Monkeypox Skin Lesion Dataset by TensorKitty; Mpox Skin Lesion Dataset Version 2.0 (MSLD v2.0) by Joydip Paul,Mpox Skin Lesion Dataset Version 2.0 (MSLD v2.0) by Joydip Paul\Original Images\Original Images\FOLDS\fold5\Valid\Monkeypox\MKP_10_02.jpg; Mpox Skin Lesion Dataset Version 2.0 (MSLD v2.0) by Joydip Paul\Original Images\Original Images\FOLDS\fold4\Train\Monkeypox\MKP_10_02.jpg; Mpox Skin Lesion Dataset Version 2.0 (MSLD v2.0) by Joydip Paul\Original Images\Original Images\FOLDS\fold3\Valid\Monkeypox\MKP_10_02.jpg,Monkeypox,6,Exact duplicate across multiple datasets,Group together; ensure single split placement or deduplicate
1800081bf0af26bf630ea61653168d71aea845dfe6f72ef8476f08f442a1892d,Monkeypox Skin Lesion Dataset by TensorKitty; Mpox Skin Lesion Dataset Version 2.0 (MSLD v2.0) by Joydip Paul,Mpox Skin Lesion Dataset Version 2.0 (MSLD v2.0) by Joydip Paul\Original Images\Original Images\FOLDS\fold5\Valid\Monkeypox\MKP_18_02.jpg; Mpox Skin Lesion Dataset Version 2.0 (MSLD v2.0) by Joydip Paul\Original Images\Original Images\FOLDS\fold4\Test\Monkeypox\MKP_18_02.jpg; Mpox Skin Lesion Dataset Version 2.0 (MSLD v2.0) by Joydip Paul\Original Images\Original Images\FOLDS\fold3\Train\Monkeypox\MKP_18_02.jpg,Monkeypox,6,Exact duplicate across multiple datasets,Group together; ensure single split placement or deduplicate
a59f36fd65e273bb3a68b528743cf907d94034157423cb52c8439be31cae23b1,Monkeypox Skin Lesion Dataset by TensorKitty; Mpox Skin Lesion Dataset Version 2.0 (MSLD v2.0) by Joydip Paul,Mpox Skin Lesion Dataset Version 2.0 (MSLD v2.0) by Joydip Paul\Original Images\Original Images\FOLDS\fold5\Valid\Monkeypox\MKP_22_01.jpg; Mpox Skin Lesion Dataset Version 2.0 (MSLD v2.0) by Joydip Paul\Original Images\Original Images\FOLDS\fold4\Train\Monkeypox\MKP_22_01.jpg; Mpox Skin Lesion Dataset Version 2.0 (MSLD v2.0) by Joydip Paul\Original Images\Original Images\FOLDS\fold3\Train\Monkeypox\MKP_22_01.jpg,Monkeypox,6,Exact duplicate across multiple datasets,Group together; ensure single split placement or deduplicate
18cc5a8a70f9c87524b2631eeada73f98f9a4b0a927d680fc76ddac27a513d5c,Monkeypox Skin Lesion Dataset by TensorKitty; Mpox Skin Lesion Dataset Version 2.0 (MSLD v2.0) by Joydip Paul,Mpox Skin Lesion Dataset Version 2.0 (MSLD v2.0) by Joydip Paul\Original Images\Original Images\FOLDS\fold5\Valid\Monkeypox\MKP_32_01.jpg; Mpox Skin Lesion Dataset Version 2.0 (MSLD v2.0) by Joydip Paul\Original Images\Original Images\FOLDS\fold4\Train\Monkeypox\MKP_32_01.jpg; Mpox Skin Lesion Dataset Version 2.0 (MSLD v2.0) by Joydip Paul\Original Images\Original Images\FOLDS\fold3\Train\Monkeypox\MKP_32_01.jpg,Monkeypox,6,Exact duplicate across multiple datasets,Group together; ensure single split placement or deduplicate
ad5ef76f5e7f2ceb113f961c6739d2896c8e092c0b33cc9029cbf8fb6359d10e,Monkeypox Skin Lesion Dataset by TensorKitty; Mpox Skin Lesion Dataset Version 2.0 (MSLD v2.0) by Joydip Paul,Mpox Skin Lesion Dataset Version 2.0 (MSLD v2.0) by Joydip Paul\Original Images\Original Images\FOLDS\fold5\Valid\Monkeypox\MKP_32_02.jpg; Mpox Skin Lesion Dataset Version 2.0 (MSLD v2.0) by Joydip Paul\Original Images\Original Images\FOLDS\fold4\Train\Monkeypox\MKP_32_02.jpg; Mpox Skin Lesion Dataset Version 2.0 (MSLD v2.0) by Joydip Paul\Original Images\Original Images\FOLDS\fold3\Train\Monkeypox\MKP_32_02.jpg,Monkeypox,6,Exact duplicate across multiple datasets,Group together; ensure single split placement or deduplicate
e02e829126568c482ab6bee7850182c8f7fe05698391728941e04f92a69fbd98,Monkeypox Skin Lesion Dataset by TensorKitty; Mpox Skin Lesion Dataset Version 2.0 (MSLD v2.0) by Joydip Paul,Mpox Skin Lesion Dataset Version 2.0 (MSLD v2.0) by Joydip Paul\Original Images\Original Images\FOLDS\fold5\Valid\Monkeypox\MKP_32_03.jpg; Mpox Skin Lesion Dataset Version 2.0 (MSLD v2.0) by Joydip Paul\Original Images\Original Images\FOLDS\fold4\Train\Monkeypox\MKP_32_03.jpg; Mpox Skin Lesion Dataset Version 2.0 (MSLD v2.0) by Joydip Paul\Original Images\Original Images\FOLDS\fold3\Train\Monkeypox\MKP_32_03.jpg,Monkeypox,6,Exact duplicate across multiple datasets,Group together; ensure single split placement or deduplicate
b6ef87997b7429ac4acbf5b6458ec58e26d8667397197e8171b5e4f9265d2fe6,Monkeypox Skin Lesion Dataset by TensorKitty; Mpox Skin Lesion Dataset Version 2.0 (MSLD v2.0) by Joydip Paul,Mpox Skin Lesion Dataset Version 2.0 (MSLD v2.0) by Joydip Paul\Original Images\Original Images\FOLDS\fold5\Valid\Monkeypox\MKP_32_04.jpg; Mpox Skin Lesion Dataset Version 2.0 (MSLD v2.0) by Joydip Paul\Original Images\Original Images\FOLDS\fold4\Train\Monkeypox\MKP_32_04.jpg; Mpox Skin Lesion Dataset Version 2.0 (MSLD v2.0) by Joydip Paul\Original Images\Original Images\FOLDS\fold3\Train\Monkeypox\MKP_32_04.jpg,Monkeypox,6,Exact duplicate across multiple datasets,Group together; ensure single split placement or deduplicate
772eea7fcc9234109e45f8eb4a27efdce1428af65fda79bd7b475c8bd77a8a9f,Monkeypox Skin Lesion Dataset by TensorKitty; Mpox Skin Lesion Dataset Version 2.0 (MSLD v2.0) by Joydip Paul,Mpox Skin Lesion Dataset Version 2.0 (MSLD v2.0) by Joydip Paul\Original Images\Original Images\FOLDS\fold5\Valid\Monkeypox\MKP_36_01.jpg; Mpox Skin Lesion Dataset Version 2.0 (MSLD v2.0) by Joydip Paul\Original Images\Original Images\FOLDS\fold4\Train\Monkeypox\MKP_36_01.jpg; Mpox Skin Lesion Dataset Version 2.0 (MSLD v2.0) by Joydip Paul\Original Images\Original Images\FOLDS\fold3\Train\Monkeypox\MKP_36_01.jpg,Monkeypox,6,Exact duplicate across multiple datasets,Group together; ensure single split placement or deduplicate
1f87cb6fa76fe34ef815c3f7e83d0857ba853e55956c1336423d2d1c5127543c,Monkeypox Skin Lesion Dataset by TensorKitty; Mpox Skin Lesion Dataset Version 2.0 (MSLD v2.0) by Joydip Paul,Mpox Skin Lesion Dataset Version 2.0 (MSLD v2.0) by Joydip Paul\Original Images\Original Images\FOLDS\fold5\Valid\Monkeypox\MKP_45_01.jpg; Mpox Skin Lesion Dataset Version 2.0 (MSLD v2.0) by Joydip Paul\Original Images\Original Images\FOLDS\fold4\Test\Monkeypox\MKP_45_01.jpg; Mpox Skin Lesion Dataset Version 2.0 (MSLD v2.0) by Joydip Paul\Original Images\Original Images\FOLDS\fold3\Train\Monkeypox\MKP_45_01.jpg,Monkeypox,6,Exact duplicate across multiple datasets,Group together; ensure single split placement or deduplicate
1f5105c6be6eb7e30e149e672ee4cfcee468959380e921d0231fef520d2c6ff7,Monkeypox Skin Lesion Dataset by TensorKitty; Mpox Skin Lesion Dataset Version 2.0 (MSLD v2.0) by Joydip Paul,Mpox Skin Lesion Dataset Version 2.0 (MSLD v2.0) by Joydip Paul\Original Images\Original Images\FOLDS\fold5\Valid\Monkeypox\MKP_46_02.jpg; Mpox Skin Lesion Dataset Version 2.0 (MSLD v2.0) by Joydip Paul\Original Images\Original Images\FOLDS\fold4\Test\Monkeypox\MKP_46_02.jpg; Mpox Skin Lesion Dataset Version 2.0 (MSLD v2.0) by Joydip Paul\Original Images\Original Images\FOLDS\fold3\Train\Monkeypox\MKP_46_02.jpg,Monkeypox,6,Exact duplicate across multiple datasets,Group together; ensure single split placement or deduplicate
4a294f37b068a5e987766416f70c0e7d4339c3cacd960e3dc85f6a8d80aa3ef3,Monkeypox Skin Lesion Dataset by TensorKitty; Mpox Skin Lesion Dataset Version 2.0 (MSLD v2.0) by Joydip Paul,Mpox Skin Lesion Dataset Version 2.0 (MSLD v2.0) by Joydip Paul\Original Images\Original Images\FOLDS\fold5\Train\Monkeypox\MKP_01_01.jpg; Mpox Skin Lesion Dataset Version 2.0 (MSLD v2.0) by Joydip Paul\Original Images\Original Images\FOLDS\fold4\Train\Monkeypox\MKP_01_01.jpg; Mpox Skin Lesion Dataset Version 2.0 (MSLD v2.0) by Joydip Paul\Original Images\Original Images\FOLDS\fold3\Train\Monkeypox\MKP_01_01.jpg,Monkeypox,6,Exact duplicate across multiple datasets,Group together; ensure single split placement or deduplicate
51c9200b57d414991fc941b1b1710be3fd281a966ea629c49d2ea7c9561c75d5,Monkeypox Skin Lesion Dataset by TensorKitty; Mpox Skin Lesion Dataset Version 2.0 (MSLD v2.0) by Joydip Paul,Mpox Skin Lesion Dataset Version 2.0 (MSLD v2.0) by Joydip Paul\Original Images\Original Images\FOLDS\fold5\Train\Monkeypox\MKP_01_02.jpg; Mpox Skin Lesion Dataset Version 2.0 (MSLD v2.0) by Joydip Paul\Original Images\Original Images\FOLDS\fold4\Train\Monkeypox\MKP_01_02.jpg; Mpox Skin Lesion Dataset Version 2.0 (MSLD v2.0) by Joydip Paul\Original Images\Original Images\FOLDS\fold3\Train\Monkeypox\MKP_01_02.jpg,Monkeypox,6,Exact duplicate across multiple datasets,Group together; ensure single split placement or deduplicate
fed35379f662fddbcbf1f4fb12f64ceb03c20208c5fa1e082414ce714cc8b933,Monkeypox Skin Lesion Dataset by TensorKitty; Mpox Skin Lesion Dataset Version 2.0 (MSLD v2.0) by Joydip Paul,Mpox Skin Lesion Dataset Version 2.0 (MSLD v2.0) by Joydip Paul\Original Images\Original Images\FOLDS\fold5\Train\Monkeypox\MKP_01_03.jpg; Mpox Skin Lesion Dataset Version 2.0 (MSLD v2.0) by Joydip Paul\Original Images\Original Images\FOLDS\fold4\Train\Monkeypox\MKP_01_03.jpg; Mpox Skin Lesion Dataset Version 2.0 (MSLD v2.0) by Joydip Paul\Original Images\Original Images\FOLDS\fold3\Train\Monkeypox\MKP_01_03.jpg,Monkeypox,6,Exact duplicate across multiple datasets,Group together; ensure single split placement or deduplicate
b77462e67195ffb9abc4863030c76a0a77396316c7e0531a055457e849652191,Monkeypox Skin Lesion Dataset by TensorKitty; Mpox Skin Lesion Dataset Version 2.0 (MSLD v2.0) by Joydip Paul,Mpox Skin Lesion Dataset Version 2.0 (MSLD v2.0) by Joydip Paul\Original Images\Original Images\FOLDS\fold5\Train\Monkeypox\MKP_03_01.jpg; Mpox Skin Lesion Dataset Version 2.0 (MSLD v2.0) by Joydip Paul\Original Images\Original Images\FOLDS\fold4\Train\Monkeypox\MKP_03_01.jpg; Mpox Skin Lesion Dataset Version 2.0 (MSLD v2.0) by Joydip Paul\Original Images\Original Images\FOLDS\fold3\Test\Monkeypox\MKP_03_01.jpg,Monkeypox,6,Exact duplicate across multiple datasets,Group together; ensure single split placement or deduplicate
27b863cbe6ae39d12e38c128c1cdb4cd8edd5435681abd10a27d92264005515a,Monkeypox Skin Lesion Dataset by TensorKitty; Mpox Skin Lesion Dataset Version 2.0 (MSLD v2.0) by Joydip Paul,Mpox Skin Lesion Dataset Version 2.0 (MSLD v2.0) by Joydip Paul\Original Images\Original Images\FOLDS\fold5\Train\Monkeypox\MKP_04_01.jpg; Mpox Skin Lesion Dataset Version 2.0 (MSLD v2.0) by Joydip Paul\Original Images\Original Images\FOLDS\fold4\Train\Monkeypox\MKP_04_01.jpg; Mpox Skin Lesion Dataset Version 2.0 (MSLD v2.0) by Joydip Paul\Original Images\Original Images\FOLDS\fold3\Valid\Monkeypox\MKP_04_01.jpg,Monkeypox,6,Exact duplicate across multiple datasets,Group together; ensure single split placement or deduplicate
a76a6d8249fea18c115e9d2b3d0c0bc4f6419bade4e8d0996170674c777107af,Monkeypox Skin Lesion Dataset by TensorKitty; Mpox Skin Lesion Dataset Version 2.0 (MSLD v2.0) by Joydip Paul,Mpox Skin Lesion Dataset Version 2.0 (MSLD v2.0) by Joydip Paul\Original Images\Original Images\FOLDS\fold5\Train\Monkeypox\MKP_07_01.jpg; Mpox Skin Lesion Dataset Version 2.0 (MSLD v2.0) by Joydip Paul\Original Images\Original Images\FOLDS\fold4\Train\Monkeypox\MKP_07_01.jpg; Mpox Skin Lesion Dataset Version 2.0 (MSLD v2.0) by Joydip Paul\Original Images\Original Images\FOLDS\fold3\Valid\Monkeypox\MKP_07_01.jpg,Monkeypox,6,Exact duplicate across multiple datasets,Group together; ensure single split placement or deduplicate
b2d54bd9ed8879ee0b5266c12249c1db1230c5b3ad62be9a33ae0a22c2101892,Monkeypox Skin Lesion Dataset by TensorKitty; Mpox Skin Lesion Dataset Version 2.0 (MSLD v2.0) by Joydip Paul,Mpox Skin Lesion Dataset Version 2.0 (MSLD v2.0) by Joydip Paul\Original Images\Original Images\FOLDS\fold5\Train\Monkeypox\MKP_09_02.jpg; Mpox Skin Lesion Dataset Version 2.0 (MSLD v2.0) by Joydip Paul\Original Images\Original Images\FOLDS\fold4\Train\Monkeypox\MKP_09_02.jpg; Mpox Skin Lesion Dataset Version 2.0 (MSLD v2.0) by Joydip Paul\Original Images\Original Images\FOLDS\fold3\Train\Monkeypox\MKP_09_02.jpg,Monkeypox,6,Exact duplicate across multiple datasets,Group together; ensure single split placement or deduplicate
44692237e1b7d223fd38d1c43da5ae58714d05ea9e768c27578d6eee6b66e06e,Monkeypox Skin Lesion Dataset by TensorKitty; Mpox Skin Lesion Dataset Version 2.0 (MSLD v2.0) by Joydip Paul,Mpox Skin Lesion Dataset Version 2.0 (MSLD v2.0) by Joydip Paul\Original Images\Original Images\FOLDS\fold5\Train\Monkeypox\MKP_09_03.jpg; Mpox Skin Lesion Dataset Version 2.0 (MSLD v2.0) by Joydip Paul\Original Images\Original Images\FOLDS\fold4\Train\Monkeypox\MKP_09_03.jpg; Mpox Skin Lesion Dataset Version 2.0 (MSLD v2.0) by Joydip Paul\Original Images\Original Images\FOLDS\fold3\Train\Monkeypox\MKP_09_03.jpg,Monkeypox,6,Exact duplicate across multiple datasets,Group together; ensure single split placement or deduplicate
aa98ffa9a6e4849a2a28e9319419366baadeb70f3c8641c8ed3d8043ccb7d886,Monkeypox Skin Lesion Dataset by TensorKitty; Mpox Skin Lesion Dataset Version 2.0 (MSLD v2.0) by Joydip Paul,Mpox Skin Lesion Dataset Version 2.0 (MSLD v2.0) by Joydip Paul\Original Images\Original Images\FOLDS\fold5\Train\Monkeypox\MKP_11_01.jpg; Mpox Skin Lesion Dataset Version 2.0 (MSLD v2.0) by Joydip Paul\Original Images\Original Images\FOLDS\fold4\Train\Monkeypox\MKP_11_01.jpg; Mpox Skin Lesion Dataset Version 2.0 (MSLD v2.0) by Joydip Paul\Original Images\Original Images\FOLDS\fold3\Train\Monkeypox\MKP_11_01.jpg,Monkeypox,6,Exact duplicate across multiple datasets,Group together; ensure single split placement or deduplicate
a2ce8f8c8448d65b926df773db8ff1f0dd2c2143a7e96f8aa007e99cf2b326df,Monkeypox Skin Lesion Dataset by TensorKitty; Mpox Skin Lesion Dataset Version 2.0 (MSLD v2.0) by Joydip Paul,Mpox Skin Lesion Dataset Version 2.0 (MSLD v2.0) by Joydip Paul\Original Images\Original Images\FOLDS\fold5\Train\Monkeypox\MKP_13_01.jpg; Mpox Skin Lesion Dataset Version 2.0 (MSLD v2.0) by Joydip Paul\Original Images\Original Images\FOLDS\fold4\Train\Monkeypox\MKP_13_01.jpg; Mpox Skin Lesion Dataset Version 2.0 (MSLD v2.0) by Joydip Paul\Original Images\Original Images\FOLDS\fold3\Train\Monkeypox\MKP_13_01.jpg,Monkeypox,6,Exact duplicate across multiple datasets,Group together; ensure single split placement or deduplicate
b38fc4dab06fe1dfbf00e97d790364e336a0071284bfacf60d2aeedb0ede723e,Monkeypox Skin Lesion Dataset by TensorKitty; Mpox Skin Lesion Dataset Version 2.0 (MSLD v2.0) by Joydip Paul,Mpox Skin Lesion Dataset Version 2.0 (MSLD v2.0) by Joydip Paul\Original Images\Original Images\FOLDS\fold5\Train\Monkeypox\MKP_15_01.jpg; Mpox Skin Lesion Dataset Version 2.0 (MSLD v2.0) by Joydip Paul\Original Images\Original Images\FOLDS\fold4\Train\Monkeypox\MKP_15_01.jpg; Mpox Skin Lesion Dataset Version 2.0 (MSLD v2.0) by Joydip Paul\Original Images\Original Images\FOLDS\fold3\Valid\Monkeypox\MKP_15_01.jpg,Monkeypox,6,Exact duplicate across multiple datasets,Group together; ensure single split placement or deduplicate
e567e17b3d3a068197089f06c6902528a05746d939f690eb05de11746ff0520a,Monkeypox Skin Lesion Dataset by TensorKitty; Mpox Skin Lesion Dataset Version 2.0 (MSLD v2.0) by Joydip Paul,Mpox Skin Lesion Dataset Version 2.0 (MSLD v2.0) by Joydip Paul\Original Images\Original Images\FOLDS\fold5\Train\Monkeypox\MKP_16_01.jpg; Mpox Skin Lesion Dataset Version 2.0 (MSLD v2.0) by Joydip Paul\Original Images\Original Images\FOLDS\fold4\Valid\Monkeypox\MKP_16_01.jpg; Mpox Skin Lesion Dataset Version 2.0 (MSLD v2.0) by Joydip Paul\Original Images\Original Images\FOLDS\fold3\Train\Monkeypox\MKP_16_01.jpg,Monkeypox,6,Exact duplicate across multiple datasets,Group together; ensure single split placement or deduplicate
8ca633a0bc4e093a55ea5da2d15bb001b6afc6f23ae70b9f0825e5ff61adc4a4,Monkeypox Skin Lesion Dataset by TensorKitty; Mpox Skin Lesion Dataset Version 2.0 (MSLD v2.0) by Joydip Paul,Mpox Skin Lesion Dataset Version 2.0 (MSLD v2.0) by Joydip Paul\Original Images\Original Images\FOLDS\fold5\Train\Monkeypox\MKP_17_02.jpg; Mpox Skin Lesion Dataset Version 2.0 (MSLD v2.0) by Joydip Paul\Original Images\Original Images\FOLDS\fold4\Train\Monkeypox\MKP_17_02.jpg; Mpox Skin Lesion Dataset Version 2.0 (MSLD v2.0) by Joydip Paul\Original Images\Original Images\FOLDS\fold3\Train\Monkeypox\MKP_17_02.jpg,Monkeypox,6,Exact duplicate across multiple datasets,Group together; ensure single split placement or deduplicate
38ffa49963fd3908cb7d21a8a416ae2e05eb00be7f055abd3737db732a47d3dc,Monkeypox Skin Lesion Dataset by TensorKitty; Mpox Skin Lesion Dataset Version 2.0 (MSLD v2.0) by Joydip Paul,Mpox Skin Lesion Dataset Version 2.0 (MSLD v2.0) by Joydip Paul\Original Images\Original Images\FOLDS\fold5\Train\Monkeypox\MKP_19_02.jpg; Mpox Skin Lesion Dataset Version 2.0 (MSLD v2.0) by Joydip Paul\Original Images\Original Images\FOLDS\fold4\Train\Monkeypox\MKP_19_02.jpg; Mpox Skin Lesion Dataset Version 2.0 (MSLD v2.0) by Joydip Paul\Original Images\Original Images\FOLDS\fold3\Valid\Monkeypox\MKP_19_02.jpg,Monkeypox,6,Exact duplicate across multiple datasets,Group together; ensure single split placement or deduplicate
13dcd1277cd2ff6a71c9d598489cad1a3bfe7e4af0fbb00445cf0b8fc2c9e4e9,Monkeypox Skin Lesion Dataset by TensorKitty; Mpox Skin Lesion Dataset Version 2.0 (MSLD v2.0) by Joydip Paul,Mpox Skin Lesion Dataset Version 2.0 (MSLD v2.0) by Joydip Paul\Original Images\Original Images\FOLDS\fold5\Train\Monkeypox\MKP_20_01.jpg; Mpox Skin Lesion Dataset Version 2.0 (MSLD v2.0) by Joydip Paul\Original Images\Original Images\FOLDS\fold4\Test\Monkeypox\MKP_20_01.jpg; Mpox Skin Lesion Dataset Version 2.0 (MSLD v2.0) by Joydip Paul\Original Images\Original Images\FOLDS\fold3\Train\Monkeypox\MKP_20_01.jpg,Monkeypox,6,Exact duplicate across multiple datasets,Group together; ensure single split placement or deduplicate
f11442f1ab683efc1402ac4e6ae8f0db294175060417d6e89bd370bbde24731e,Monkeypox Skin Lesion Dataset by TensorKitty; Mpox Skin Lesion Dataset Version 2.0 (MSLD v2.0) by Joydip Paul,Mpox Skin Lesion Dataset Version 2.0 (MSLD v2.0) by Joydip Paul\Original Images\Original Images\FOLDS\fold5\Train\Monkeypox\MKP_21_02.jpg; Mpox Skin Lesion Dataset Version 2.0 (MSLD v2.0) by Joydip Paul\Original Images\Original Images\FOLDS\fold4\Train\Monkeypox\MKP_21_02.jpg; Mpox Skin Lesion Dataset Version 2.0 (MSLD v2.0) by Joydip Paul\Original Images\Original Images\FOLDS\fold3\Train\Monkeypox\MKP_21_02.jpg,Monkeypox,6,Exact duplicate across multiple datasets,Group together; ensure single split placement or deduplicate
f23049e660a9bcadb7f1ba7624bbdb87153a4ebc1587a8cecf3e3f290392b270,Monkeypox Skin Lesion Dataset by TensorKitty; Mpox Skin Lesion Dataset Version 2.0 (MSLD v2.0) by Joydip Paul,Mpox Skin Lesion Dataset Version 2.0 (MSLD v2.0) by Joydip Paul\Original Images\Original Images\FOLDS\fold5\Train\Monkeypox\MKP_25_01.jpg; Mpox Skin Lesion Dataset Version 2.0 (MSLD v2.0) by Joydip Paul\Original Images\Original Images\FOLDS\fold4\Train\Monkeypox\MKP_25_01.jpg; Mpox Skin Lesion Dataset Version 2.0 (MSLD v2.0) by Joydip Paul\Original Images\Original Images\FOLDS\fold3\Train\Monkeypox\MKP_25_01.jpg,Monkeypox,6,Exact duplicate across multiple datasets,Group together; ensure single split placement or deduplicate
9a1e0cf2b48214a18afe2f85f409ed7f11ce1074681e6769e0b5eaacb9c380a2,Monkeypox Skin Lesion Dataset by TensorKitty; Mpox Skin Lesion Dataset Version 2.0 (MSLD v2.0) by Joydip Paul,Mpox Skin Lesion Dataset Version 2.0 (MSLD v2.0) by Joydip Paul\Original Images\Original Images\FOLDS\fold5\Train\Monkeypox\MKP_25_02.jpg; Mpox Skin Lesion Dataset Version 2.0 (MSLD v2.0) by Joydip Paul\Original Images\Original Images\FOLDS\fold4\Train\Monkeypox\MKP_25_02.jpg; Mpox Skin Lesion Dataset Version 2.0 (MSLD v2.0) by Joydip Paul\Original Images\Original Images\FOLDS\fold3\Train\Monkeypox\MKP_25_02.jpg,Monkeypox,6,Exact duplicate across multiple datasets,Group together; ensure single split placement or deduplicate
e0e6babfc58f2aa63abc33566fc0f88983da9df480998fffcdc4b75f90aab68d,Monkeypox Skin Lesion Dataset by TensorKitty; Mpox Skin Lesion Dataset Version 2.0 (MSLD v2.0) by Joydip Paul,Mpox Skin Lesion Dataset Version 2.0 (MSLD v2.0) by Joydip Paul\Original Images\Original Images\FOLDS\fold5\Train\Monkeypox\MKP_26_01.jpg; Mpox Skin Lesion Dataset Version 2.0 (MSLD v2.0) by Joydip Paul\Original Images\Original Images\FOLDS\fold4\Train\Monkeypox\MKP_26_01.jpg; Mpox Skin Lesion Dataset Version 2.0 (MSLD v2.0) by Joydip Paul\Original Images\Original Images\FOLDS\fold3\Train\Monkeypox\MKP_26_01.jpg,Monkeypox,6,Exact duplicate across multiple datasets,Group together; ensure single split placement or deduplicate
abc0051202f19a6b9c54ffffe1d99a404422f99a69d9dc78fcc9034439cb54a3,Monkeypox Skin Lesion Dataset by TensorKitty; Mpox Skin Lesion Dataset Version 2.0 (MSLD v2.0) by Joydip Paul,Mpox Skin Lesion Dataset Version 2.0 (MSLD v2.0) by Joydip Paul\Original Images\Original Images\FOLDS\fold5\Train\Monkeypox\MKP_27_01.jpg; Mpox Skin Lesion Dataset Version 2.0 (MSLD v2.0) by Joydip Paul\Original Images\Original Images\FOLDS\fold4\Valid\Monkeypox\MKP_27_01.jpg; Mpox Skin Lesion Dataset Version 2.0 (MSLD v2.0) by Joydip Paul\Original Images\Original Images\FOLDS\fold3\Train\Monkeypox\MKP_27_01.jpg,Monkeypox,6,Exact duplicate across multiple datasets,Group together; ensure single split placement or deduplicate
efd9a1ca1bba9602c582d81cf3c2bcdef378e8e962ebc31c78fd02333714e6db,Monkeypox Skin Lesion Dataset by TensorKitty; Mpox Skin Lesion Dataset Version 2.0 (MSLD v2.0) by Joydip Paul,Mpox Skin Lesion Dataset Version 2.0 (MSLD v2.0) by Joydip Paul\Original Images\Original Images\FOLDS\fold5\Train\Monkeypox\MKP_28_02.jpg; Mpox Skin Lesion Dataset Version 2.0 (MSLD v2.0) by Joydip Paul\Original Images\Original Images\FOLDS\fold4\Test\Monkeypox\MKP_28_02.jpg; Mpox Skin Lesion Dataset Version 2.0 (MSLD v2.0) by Joydip Paul\Original Images\Original Images\FOLDS\fold3\Train\Monkeypox\MKP_28_02.jpg,Monkeypox,6,Exact duplicate across multiple datasets,Group together; ensure single split placement or deduplicate
5e1cf2ff5eb09af31d96c4c9f4ac4eddaca010c2921c79cc491875e7f4f70a31,Monkeypox Skin Lesion Dataset by TensorKitty; Mpox Skin Lesion Dataset Version 2.0 (MSLD v2.0) by Joydip Paul,Mpox Skin Lesion Dataset Version 2.0 (MSLD v2.0) by Joydip Paul\Original Images\Original Images\FOLDS\fold5\Train\Monkeypox\MKP_29_02.jpg; Mpox Skin Lesion Dataset Version 2.0 (MSLD v2.0) by Joydip Paul\Original Images\Original Images\FOLDS\fold4\Train\Monkeypox\MKP_29_02.jpg; Mpox Skin Lesion Dataset Version 2.0 (MSLD v2.0) by Joydip Paul\Original Images\Original Images\FOLDS\fold3\Test\Monkeypox\MKP_29_02.jpg,Monkeypox,6,Exact duplicate across multiple datasets,Group together; ensure single split placement or deduplicate
ae3903378b32e260dc9411a713554149506384988ed1b1d47180abd772edb195,Monkeypox Skin Lesion Dataset by TensorKitty; Mpox Skin Lesion Dataset Version 2.0 (MSLD v2.0) by Joydip Paul,Mpox Skin Lesion Dataset Version 2.0 (MSLD v2.0) by Joydip Paul\Original Images\Original Images\FOLDS\fold5\Train\Monkeypox\MKP_31_01.jpg; Mpox Skin Lesion Dataset Version 2.0 (MSLD v2.0) by Joydip Paul\Original Images\Original Images\FOLDS\fold4\Train\Monkeypox\MKP_31_01.jpg; Mpox Skin Lesion Dataset Version 2.0 (MSLD v2.0) by Joydip Paul\Original Images\Original Images\FOLDS\fold3\Valid\Monkeypox\MKP_31_01.jpg,Monkeypox,6,Exact duplicate across multiple datasets,Group together; ensure single split placement or deduplicate
0fe5e585b631cd59ac9f8a545341a2c2ed2cd3522ff1f06795a408311be3dec7,Monkeypox Skin Lesion Dataset by TensorKitty; Mpox Skin Lesion Dataset Version 2.0 (MSLD v2.0) by Joydip Paul,Mpox Skin Lesion Dataset Version 2.0 (MSLD v2.0) by Joydip Paul\Original Images\Original Images\FOLDS\fold5\Train\Monkeypox\MKP_31_02.jpg; Mpox Skin Lesion Dataset Version 2.0 (MSLD v2.0) by Joydip Paul\Original Images\Original Images\FOLDS\fold4\Train\Monkeypox\MKP_31_02.jpg; Mpox Skin Lesion Dataset Version 2.0 (MSLD v2.0) by Joydip Paul\Original Images\Original Images\FOLDS\fold3\Valid\Monkeypox\MKP_31_02.jpg,Monkeypox,6,Exact duplicate across multiple datasets,Group together; ensure single split placement or deduplicate
9b8e239ece15ac08b701600a69a354fde66badd3f3fcdd387c5e2eb534ed095d,Monkeypox Skin Lesion Dataset by TensorKitty; Mpox Skin Lesion Dataset Version 2.0 (MSLD v2.0) by Joydip Paul,Mpox Skin Lesion Dataset Version 2.0 (MSLD v2.0) by Joydip Paul\Original Images\Original Images\FOLDS\fold5\Train\Monkeypox\MKP_35_01.jpg; Mpox Skin Lesion Dataset Version 2.0 (MSLD v2.0) by Joydip Paul\Original Images\Original Images\FOLDS\fold4\Test\Monkeypox\MKP_35_01.jpg; Mpox Skin Lesion Dataset Version 2.0 (MSLD v2.0) by Joydip Paul\Original Images\Original Images\FOLDS\fold3\Train\Monkeypox\MKP_35_01.jpg,Monkeypox,6,Exact duplicate across multiple datasets,Group together; ensure single split placement or deduplicate
df4aaf00b2829ad46ef4854f302d9adf3b32eb491365e696ce90c7021df145ba,Monkeypox Skin Lesion Dataset by TensorKitty; Mpox Skin Lesion Dataset Version 2.0 (MSLD v2.0) by Joydip Paul,Mpox Skin Lesion Dataset Version 2.0 (MSLD v2.0) by Joydip Paul\Original Images\Original Images\FOLDS\fold5\Train\Monkeypox\MKP_35_02.jpg; Mpox Skin Lesion Dataset Version 2.0 (MSLD v2.0) by Joydip Paul\Original Images\Original Images\FOLDS\fold4\Test\Monkeypox\MKP_35_02.jpg; Mpox Skin Lesion Dataset Version 2.0 (MSLD v2.0) by Joydip Paul\Original Images\Original Images\FOLDS\fold3\Train\Monkeypox\MKP_35_02.jpg,Monkeypox,6,Exact duplicate across multiple datasets,Group together; ensure single split placement or deduplicate
02d9ba2066b877615e4abd11babb47a7b07a8fb9376b444ec28ac2dfeef7394e,Monkeypox Skin Lesion Dataset by TensorKitty; Mpox Skin Lesion Dataset Version 2.0 (MSLD v2.0) by Joydip Paul,Mpox Skin Lesion Dataset Version 2.0 (MSLD v2.0) by Joydip Paul\Original Images\Original Images\FOLDS\fold5\Train\Monkeypox\MKP_38_01.jpg; Mpox Skin Lesion Dataset Version 2.0 (MSLD v2.0) by Joydip Paul\Original Images\Original Images\FOLDS\fold4\Test\Monkeypox\MKP_38_01.jpg; Mpox Skin Lesion Dataset Version 2.0 (MSLD v2.0) by Joydip Paul\Original Images\Original Images\FOLDS\fold3\Valid\Monkeypox\MKP_38_01.jpg,Monkeypox,6,Exact duplicate across multiple datasets,Group together; ensure single split placement or deduplicate
0b6fcf82f38ba5dbf02b19b1cc4e2f6514df6cbdaf4412192c87876afe0d460e,Monkeypox Skin Lesion Dataset by TensorKitty; Mpox Skin Lesion Dataset Version 2.0 (MSLD v2.0) by Joydip Paul,Mpox Skin Lesion Dataset Version 2.0 (MSLD v2.0) by Joydip Paul\Original Images\Original Images\FOLDS\fold5\Train\Monkeypox\MKP_38_02.jpg; Mpox Skin Lesion Dataset Version 2.0 (MSLD v2.0) by Joydip Paul\Original Images\Original Images\FOLDS\fold4\Test\Monkeypox\MKP_38_02.jpg; Mpox Skin Lesion Dataset Version 2.0 (MSLD v2.0) by Joydip Paul\Original Images\Original Images\FOLDS\fold3\Valid\Monkeypox\MKP_38_02.jpg,Monkeypox,6,Exact duplicate across multiple datasets,Group together; ensure single split placement or deduplicate
7a90b58c32e296991f4ce1e90364a6f51eeb54c173f3a3a0bb56793bcb1606f5,Monkeypox Skin Lesion Dataset by TensorKitty; Mpox Skin Lesion Dataset Version 2.0 (MSLD v2.0) by Joydip Paul,Mpox Skin Lesion Dataset Version 2.0 (MSLD v2.0) by Joydip Paul\Original Images\Original Images\FOLDS\fold5\Train\Monkeypox\MKP_40_02.jpg; Mpox Skin Lesion Dataset Version 2.0 (MSLD v2.0) by Joydip Paul\Original Images\Original Images\FOLDS\fold4\Test\Monkeypox\MKP_40_02.jpg; Mpox Skin Lesion Dataset Version 2.0 (MSLD v2.0) by Joydip Paul\Original Images\Original Images\FOLDS\fold3\Valid\Monkeypox\MKP_40_02.jpg,Monkeypox,6,Exact duplicate across multiple datasets,Group together; ensure single split placement or deduplicate
50353cff6e4ff7d3ab9985d3198d47f4a28b02d67d58736c9c4e463891613ca0,Monkeypox Skin Lesion Dataset by TensorKitty; Mpox Skin Lesion Dataset Version 2.0 (MSLD v2.0) by Joydip Paul,Mpox Skin Lesion Dataset Version 2.0 (MSLD v2.0) by Joydip Paul\Original Images\Original Images\FOLDS\fold5\Train\Monkeypox\MKP_41_01.jpg; Mpox Skin Lesion Dataset Version 2.0 (MSLD v2.0) by Joydip Paul\Original Images\Original Images\FOLDS\fold4\Train\Monkeypox\MKP_41_01.jpg; Mpox Skin Lesion Dataset Version 2.0 (MSLD v2.0) by Joydip Paul\Original Images\Original Images\FOLDS\fold3\Train\Monkeypox\MKP_41_01.jpg,Monkeypox,6,Exact duplicate across multiple datasets,Group together; ensure single split placement or deduplicate
4c8c551b945e87c1436f082091d365e1185b6fd305144df837c426c19c7fb8f4,Monkeypox Skin Lesion Dataset by TensorKitty; Mpox Skin Lesion Dataset Version 2.0 (MSLD v2.0) by Joydip Paul,Mpox Skin Lesion Dataset Version 2.0 (MSLD v2.0) by Joydip Paul\Original Images\Original Images\FOLDS\fold5\Train\Monkeypox\MKP_53_01.jpg; Mpox Skin Lesion Dataset Version 2.0 (MSLD v2.0) by Joydip Paul\Original Images\Original Images\FOLDS\fold4\Train\Monkeypox\MKP_53_01.jpg; Mpox Skin Lesion Dataset Version 2.0 (MSLD v2.0) by Joydip Paul\Original Images\Original Images\FOLDS\fold3\Train\Monkeypox\MKP_53_01.jpg,Monkeypox,6,Exact duplicate across multiple datasets,Group together; ensure single split placement or deduplicate
2b94348413b582d9657674081f3733a7b2504c295fa6ca54d9a6e0d1cf011531,Monkeypox Skin Lesion Dataset by TensorKitty; Mpox Skin Lesion Dataset Version 2.0 (MSLD v2.0) by Joydip Paul,Mpox Skin Lesion Dataset Version 2.0 (MSLD v2.0) by Joydip Paul\Original Images\Original Images\FOLDS\fold5\Train\Monkeypox\MKP_54_01.jpg; Mpox Skin Lesion Dataset Version 2.0 (MSLD v2.0) by Joydip Paul\Original Images\Original Images\FOLDS\fold4\Train\Monkeypox\MKP_54_01.jpg; Mpox Skin Lesion Dataset Version 2.0 (MSLD v2.0) by Joydip Paul\Original Images\Original Images\FOLDS\fold3\Train\Monkeypox\MKP_54_01.jpg,Monkeypox,6,Exact duplicate across multiple datasets,Group together; ensure single split placement or deduplicate
d450c6ff7ea1db21aec27d35bdfc906dc0391590266b820689a683871bbe9332,Monkeypox Skin Lesion Dataset by TensorKitty; Mpox Skin Lesion Dataset Version 2.0 (MSLD v2.0) by Joydip Paul,Mpox Skin Lesion Dataset Version 2.0 (MSLD v2.0) by Joydip Paul\Original Images\Original Images\FOLDS\fold5\Train\Monkeypox\MKP_55_01.jpg; Mpox Skin Lesion Dataset Version 2.0 (MSLD v2.0) by Joydip Paul\Original Images\Original Images\FOLDS\fold4\Valid\Monkeypox\MKP_55_01.jpg; Mpox Skin Lesion Dataset Version 2.0 (MSLD v2.0) by Joydip Paul\Original Images\Original Images\FOLDS\fold3\Valid\Monkeypox\MKP_55_01.jpg,Monkeypox,6,Exact duplicate across multiple datasets,Group together; ensure single split placement or deduplicate
f87dbd5aa457b59e2a7c01e15c33297c13fc27ac24b4d1c0990e663254e891d5,Monkeypox Skin Lesion Dataset by TensorKitty; Mpox Skin Lesion Dataset Version 2.0 (MSLD v2.0) by Joydip Paul,Mpox Skin Lesion Dataset Version 2.0 (MSLD v2.0) by Joydip Paul\Original Images\Original Images\FOLDS\fold5\Test\Monkeypox\MKP_12_01.jpg; Mpox Skin Lesion Dataset Version 2.0 (MSLD v2.0) by Joydip Paul\Original Images\Original Images\FOLDS\fold4\Train\Monkeypox\MKP_12_01.jpg; Mpox Skin Lesion Dataset Version 2.0 (MSLD v2.0) by Joydip Paul\Original Images\Original Images\FOLDS\fold3\Train\Monkeypox\MKP_12_01.jpg,Monkeypox,6,Exact duplicate across multiple datasets,Group together; ensure single split placement or deduplicate
70c90d514ceb561eba901c0010b7119a5e1596d2cf2d62b10a83755180034b1b,Monkeypox Skin Lesion Dataset by TensorKitty; Mpox Skin Lesion Dataset Version 2.0 (MSLD v2.0) by Joydip Paul,Mpox Skin Lesion Dataset Version 2.0 (MSLD v2.0) by Joydip Paul\Original Images\Original Images\FOLDS\fold5\Test\Monkeypox\MKP_14_01.jpg; Mpox Skin Lesion Dataset Version 2.0 (MSLD v2.0) by Joydip Paul\Original Images\Original Images\FOLDS\fold4\Valid\Monkeypox\MKP_14_01.jpg; Mpox Skin Lesion Dataset Version 2.0 (MSLD v2.0) by Joydip Paul\Original Images\Original Images\FOLDS\fold3\Train\Monkeypox\MKP_14_01.jpg,Monkeypox,6,Exact duplicate across multiple datasets,Group together; ensure single split placement or deduplicate
6ddb10a465c6ded8e24d7117de23bcf87dce980d1fa17fbb6a374d421eeefe8a,Monkeypox Skin Lesion Dataset by TensorKitty; Mpox Skin Lesion Dataset Version 2.0 (MSLD v2.0) by Joydip Paul,Mpox Skin Lesion Dataset Version 2.0 (MSLD v2.0) by Joydip Paul\Original Images\Original Images\FOLDS\fold5\Test\Monkeypox\MKP_48_03.jpg; Mpox Skin Lesion Dataset Version 2.0 (MSLD v2.0) by Joydip Paul\Original Images\Original Images\FOLDS\fold4\Train\Monkeypox\MKP_48_03.jpg; Mpox Skin Lesion Dataset Version 2.0 (MSLD v2.0) by Joydip Paul\Original Images\Original Images\FOLDS\fold3\Test\Monkeypox\MKP_48_03.jpg,Monkeypox,6,Exact duplicate across multiple datasets,Group together; ensure single split placement or deduplicate
